{"cameraMode":{"drawMode":0,"name":"Shaded","section":"Shading Mode"},"sceneLighting":false,"audioPlay":false,"sceneViewState":{"showFog":true,"showMaterialUpdate":false,"showSkybox":false,"showFlares":true,"showImageEffects":true,"showParticleSystems":true},"in2DMode":false,"pivot":{"x":3.6172189712524416,"y":1.783369541168213,"z":-0.42008399963378909},"rotation":{"x":0.1343480795621872,"y":-0.059418413788080218,"z":0.008070584386587143,"w":0.9891185164451599},"size":0.8660253882408142,"orthographic":false}