{"cameraMode":{"drawMode":0,"name":"Shaded","section":"Shading Mode"},"sceneLighting":false,"audioPlay":false,"sceneViewState":{"showFog":true,"showMaterialUpdate":false,"showSkybox":false,"showFlares":true,"showImageEffects":true,"showParticleSystems":true},"in2DMode":false,"pivot":{"x":-3.069000005722046,"y":1.4599990844726563,"z":0.7399978637695313},"rotation":{"x":0.005953524727374315,"y":-0.12417639791965485,"z":0.0007450675475411117,"w":0.9922420382499695},"size":368.9521789550781,"orthographic":false}