{"cameraMode":{"drawMode":0,"name":"Shaded","section":"Shading Mode"},"sceneLighting":false,"audioPlay":false,"sceneViewState":{"showFog":true,"showMaterialUpdate":false,"showSkybox":false,"showFlares":true,"showImageEffects":true,"showParticleSystems":true},"in2DMode":false,"pivot":{"x":0.3047308325767517,"y":1.787981390953064,"z":4.762273788452148},"rotation":{"x":0.03516049683094025,"y":0.21359793841838838,"z":-0.007692849729210138,"w":0.976258397102356},"size":1.479508638381958,"orthographic":false}