{"cameraMode":{"drawMode":0,"name":"Shaded","section":"Shading Mode"},"sceneLighting":true,"audioPlay":false,"sceneViewState":{"showFog":true,"showMaterialUpdate":false,"showSkybox":true,"showFlares":true,"showImageEffects":true,"showParticleSystems":true},"in2DMode":false,"pivot":{"x":3.543759346008301,"y":0.9908139705657959,"z":7.339153289794922},"rotation":{"x":0.07937419414520264,"y":0.32290101051330569,"z":-0.027187561616301538,"w":0.9427075982093811},"size":4.442477703094482,"orthographic":false}